{
  "codeOtp": {
    "catatan1": "const nomor = Array.from({ length: 4 }, () => Math.floor(Math.random() * 10) + 1);\nconst huruf = Array.from({ length: 2 }, () => {\n  const isUpperCase = Math.random() > 0.5;\n  const code = isUpperCase\n    ? Math.floor(Math.random() * 26) + 65\n    : Math.floor(Math.random() * 26) + 97;\n  return String.fromCharCode(code);\n});\n\nconst gabung = [...nomor.map(String), ...huruf];\nconst acak = gabung.sort(() => Math.random() - 0.5);\nlet text = acak.join('') + \" \\nIni Code Otp\";\nconn.sendMessage(chatId, { text: text }, { quoted: message });"
  },
  "welcome": {
    "catatan1": "*🎉𝙈𝙀𝙈𝘽𝙀𝙍 𝘽𝘼𝙍𝙐 𝙈𝙄𝙉𝙄𝙈𝘼𝙇 𝙄𝙉𝙏𝙍𝙊🎉*\n*╭─ׅ──ֹ━━━ׅ━⁞ ✶ ⁞━ׅ━━━ֹ──ׅ─╮*\n*╠━* *NAMA*  ︎    :\n*╠━* *UMUR* ︎ ︎ ︎   :\n*╠━* *GENDER* ︎ ︎:\n*╠━* *ASKOT*  ︎ ︎  :\n*╠━* *STATUS*   :\n╰────────────────╯\n\n╭────────︎────╮\n︎       *© ᴠɪᴛᴀ-ᴄʀᴇᴅɪᴛ*\n╰︎────︎───︎────︎─╯"
  },
  "apalah": {},
  "sukii": {},
  "updateSc": {
    "catatan1": "kapan",
    "catatan2": "ask ( tanya )",
    "catatan3": "cekkhodam",
    "catatan4": "readmore"
  },
  "bangunkan": {}
}